name,price,status,shipping,free_returns,items_sold
Motorcycle Motocross Race Goggles Offroad MX ATV UTV Enduro Quad Glasses Eyewear,1239,Brand New,0,False,
100% Replacement Lens for Accuri/Racecraft/Strata MX Goggles,1000,Brand New,0,False,
100% STRATA 2 Goggles -ALL COLORS- Offroad MX MTB Motocross CLEAR OR MIRROR LENS,1250,Brand New,0,False,333
100% PERCENT BRAND GEN 2 GOGGLE REPLACEMENT LENS RACECRAFT ACCURI STRATA,1000,Brand New,0,False,213
Modular Motorcycle Goggles Face Mask Motocross ATV Off Road Race Skiing Eyewear,1050,Brand New,0,False,1352
FOX RACING BRAND MAIN STRAY GOGGLES MX MOTOCROSS ALL COLORS,2999,Brand New,0,False,36
Scott Primal Goggle - Motocross Dirtbike Offroad ATV,2695,Brand New,0,False,
Motorcycle Goggles Skull Face Mask Eyewear Glasses Motocross Race ATV Dirt Bike,1399,Brand New,0,False,45
Retro Vintage Aviator Pilot Motorcycle Cruiser Scooter Biker Goggles For BMW,1099,Brand New,0,False,
Winter Snow Sport Goggles Snowboard Ski Snowmobile Face Mask Sun Glasses Eyewear,1085,Brand New,0,False,630
For Welding Welder Glasses Mask Solar Auto Darkening Welding Helmet Eyes Goggle,1099,Brand New,0,False,238
Motorcycle Motocross Race Goggles Offroad MX ATV UTV Enduro Quad Glasses Eyewear,719,Brand New,0,False,100
Oakley O-Frame 2.0 PRO PPE Ventilated Black Goggles w/ Clear Lenses - OO7123-01,1295,Brand New,0,False,
Motocross Motorcycle ATV Goggles Dirt Bike Off Road Riding Glasses MX Eyewear,1399,Brand New,0,False,
New Scott USA Tyrant Black Clear Works Motocross/ATV/UTV Goggle,2000,Brand New,500,False,0
Fleece Warm Winter Balaclava Face Mask With Anti-Fog Goggles Windproof Skull Cap,599,Brand New,0,False,
Polarized Sports Sunglasses Outdoor Cycling Driving Fishing Glasses UV400 Goggle,598,New (Other),0,False,110
"DeWalt DPG82-11 Concealer Clear Anti-Fog Over Glasses Safety Goggles, 1 Pair",1329,Brand New,0,False,
NEW 100% RACECRAFT MX / ATV / UTV GOGGLES! SEVERAL COLORS!  ,3250,Brand New,0,False,78
Spy Optic Getaway Snow Goggles,1998,Brand New,0,False,109
Adults Winter Snow Sports Goggles Ski Snowmobile Snowboard Skate Glasses Eyewear,799,Brand New,0,False,783
Scott Motocross Goggle Hustle MX  Orange/Blu ATV UTV CR YZ KX KTM RM w free lens,2225,Brand New,530,False,57
100% Strata 2 Goggles Black with Clear Lens for ATV UTV Offroad Motocross Riding,2500,Brand New,0,False,41
Pyramex Monitor Clear Caramel Retro Pilot Style Safety Glasses Side Shield Z87+,735,Brand New,0,False,
100% Youth Strata Mini Goggle - MX Motocross Dirtbike ATV Offroad UTV,1700,Brand New,0,False,268
100% PERCENT BRAND 1ST GEN GOGGLE REPLACEMENT LENS RACECRAFT ACCURI STRATA ,1000,Brand New,0,False,792
Emergency Survival Safety Respiratory Gas Mask Goggles &2 Dual Protection Filter,1099,Brand New,0,False,823
for Fox Motocross Goggles Google Motorcycle Goggles Cycling Dirt Bike MXOff-Road,798,Brand New,0,False,
Ski Snowboarding Snowmobile Windproof Goggles Winter Snow Outdoor Sports Eyewear,1269,Brand New,0,False,
Vintage Goggles Motorcycle Windproof Glasses Steampunk Retro Motorbike Eyewear,1349,Brand New,0,False,48
SCOTT GOGGLES MOTOCROSS,2289,Pre-Owned,0,False,
Birdz Swan OTG Over the Glasses Skydiving Goggles Fits Over Prescription Glasses,1295,Brand New,0,False,55
O Nation Clear Comfortable Swimming Goggles with UV- Anti-Fog Swim Glasses  ,799,Brand New,0,False,
Polarized Sports Sunglasses Outdoor Cycling Driving Fishing Glasses UV400 Goggle,598,New (Other),0,False,0
"Arena Swim Goggle Case, Black",999,Brand New,0,False,50
Global Vision Eliminator Padded Motorcycle Riding ATV Goggles *Choice*Super Dark,1298,Brand New,0,False,
NEW 100% ACCURI MX / ATV/ UTV GOGGLES SEVERAL COLORS ,2249,Brand New,0,False,89
Safety Goggles Over Glasses Lab Work Eye Protective Eyewear Clear Lens 1/Pair,595,Brand New,0,False,1469
2022 100% Strata 2 Clear Lens MX Motocross Offroad Goggles,2500,Brand New,0,False,237
100% Armega Goggle MX Motocross Offroad Replacement Lens,2500,Brand New,0,False,
2 Pair Padded Motorcycle Goggles Anti Fog Lens Clear Mirror and Dark by BIRDZ,2499,Brand New,0,False,449
Burning Man Special - Motorcycle Goggles Fit Over Glasses Anti Fog Yellow Lenses,1299,Brand New,0,False,338
Motorcycle Windproof Goggles Motorcycling Riding Racing Hiking Eyewear Glasses,899,Brand New,0,False,
"CREATIVE XP Night Vision Goggles - Digital Binoculars w/Infrared Lens, Black-",7524,Pre-Owned,0,False,63
Snow Ski Goggles Case Snowboard Skiing Goggle Sunglasses Carrying Bag Zipper Box,968,Brand New,0,False,107
Adult Tempered Glass Diving Set Scuba Anti-Fog Goggles and Snorkeling Mask Tube,1599,Brand New,0,False,
Adult Swim Goggles HD Clear Vision Anti-Fog 100% UV Protection Swimming Glasses,845,Brand New,0,False,
Motorcycle Motocross Race Goggles Offroad MX ATV UTV Enduro Quad Glasses Eyewear,1369,Brand New,0,False,
Desert Storm Tactical Military Ballistic Shooting Proof Goggles 3 Lens Black,1998,New (Other),0,False,
Retro Motorcycle Goggles Aviator Vintage Glasses Cruiser Scooter Flying Eyewear,1069,Brand New,0,False,
Polarized Sunglasses Cycling Glasses Outdoor Sport Goggle Mountain UV Protection,751,Brand New,0,False,
KLEENGUARD NEMESIS SAFETY GLASSES SUNGLASSES SPORT WORK EYEWEAR Z87+,795,Brand New,0,False,74
Quick Strap Goggle Straps - Motocross Dirtbike Offroad ATV,1995,Brand New,0,False,42
German Military Army 60x60 BAK4 Prism HD Night Vision Binoculars Goggles Hunting,3463,Brand New,0,False,
Revision Military Desert Locust Army Snow Ski Safety Eye Goggles Glasses ,2699,Brand New,0,False,
Tactical Nylon L4G24 NVG Helmet Mount Night Vision Goggle Arm Breakaway Bracket,3999,Brand New,0,False,73
Leatt Brace 4.5 Velocity Iriz Goggles (RED/Platinum Lens),2500,Brand New,0,False,111
100% Goggle Tear Offs for Adult Racecraft 2 Strata 2 Accuri 2 Standard Laminated,1599,Brand New,0,False,32
"ESS Profile NVG Goggles Tan, Clear & Shaded Lenses, strap, cover, case",2300,Pre-Owned,600,False,27
Ergodyne Skullerz Odin Safety Glasses Foam Gasket Insert,709,Brand New,0,False,
Shatterproof Smoke/Clear/Yellow Motorcycle/Paintball Padded Goggles 466,969,Brand New,0,False,
Military Revision Desert Locust Ballistic Safety Goggles Brand New Free Shipping,1999,Brand New,0,False,
Adjustable Protection Windproof Dog Sunglasses Goggles UV Sun Glasses Eye Wear,809,Brand New,0,False,62
"Adult Cycling Bike Helmet, Lightweight Unisex Detachable Magnetic Goggles Visor ",1398,Brand New,0,False,
Safety Goggles Eye Protective Over Glasses Concealer Clear Anti-Fog Dust Prove 1,620,Brand New,0,False,
Speedo Hydrosity (SLIM FIT) Swim Goggle - Blue ~(2 pack)~,1299,New (Other),0,False,136
Radians LPX Clear IQuity Superior Anti Fog Safety Goggles Foam Padded D3/D4,1039,Brand New,0,False,
OTG Ski Goggles Double Lens Anti-fog Winter Windproof UV400 Eyewear for Adult ,1999,Brand New,0,False,
"Safety Goggles over glasses, Safety Glasses with Clear, Fog-Free",898,Brand New,0,False,
ACH Military Helmet Eye Strap Eyewear Goggle Retention Straps,199,Brand New,600,False,
Red Lens Victorian Steampunk Goggles Glasses Welding Cyber Punk Gothic Cosplay ,1299,Brand New,0,False,201
"Wildhorn Cristo Ski Snow Goggles for Men, Women & Youth, Citrus / Emerald-",2000,New (Other),0,False,0
Motorcycle Goggles Fit Over Glasses Anti-Fog Shatterproof Smoke Lenses UV400,1399,Brand New,0,False,669
Motorcycle Full Face Mask Motocross Safety Goggles Shield XC Glasses ATV Eyewear,1239,Brand New,0,False,
Full Face Respirator Gas Goggles For Painting spraying Double Filter Breathing,1199,Brand New,0,False,
Polarized Sports Sunglasses Outdoor Cycling Driving Fishing Glasses UV400 Goggle,889,New (Other),0,False,
Solar Auto Darkening Welding Glasses Welder Mask Helmet Eyes Goggle For Welding,969,Brand New,0,False,38
Ski Goggles Snowboard Snow Eyewear Anti-fog Skiing Mask Glasses UV Protection US,1108,Brand New,0,False,0
Motorcycle ATV DIRT BIKE OFF ROAD RACING SKI GOGGLES Glasses M526BB,699,New (Other),0,False,48
ACH Military Helmet Eye Strap Eyewear Goggle Retention Straps,199,Brand New,600,False,
Speedo Hydrosity (SLIM FIT) Swim Goggle - Blue ~(2 pack)~,1299,New (Other),0,False,136
Shatterproof Smoke/Clear/Yellow Motorcycle/Paintball Padded Goggles 466,969,Brand New,0,False,
Motorcycle Motocross Race Goggles Offroad MX ATV UTV Enduro Quad Glasses Eyewear,1369,Brand New,0,False,
WeldingCity® Welding Cutting Grinding Goggles w/ Flip-up Lens DIN #11 | US,599,Brand New,0,False,506
100% STRATA 2 Goggles - Offroad MX Motocross - CLEAR or MIRROR LENS Goggles,2500,Brand New,0,False,63
Motorcycle ATV Padded Shatter Resistant Clear Lens Goggles W/Adjustable Strap,999,Brand New,0,False,
"Super Strength Anti-Fog Spray For Glasses, Goggles & Face Shields 2oz Bottle",1189,Brand New,0,False,
Clear Lens Motorcycle Goggles Bendable Dirt Bike Motocross ATV MX Riding Glasses,999,New (Other),0,False,
DeWalt DPG82 Concealer CLEAR OR SMOKE Anti-Fog Safety Goggles Various Quantities,1295,Brand New,0,False,
For Men & Women Steampunk Top Hat Victorian Costume Party Prom Top Hat Goggles,2190,Brand New,0,False,160
Red Lens Victorian Steampunk Goggles Glasses Welding Cyber Punk Gothic Cosplay ,1299,Brand New,0,False,201
Leatt Velocity  Goggle Replacement Lens Rose Ultra Contrast 32%,1800,New (Other),0,False,0
Motorcycle Goggles Fits Over Glasses Anti-Fog Shatterproof Clear Lenses UV UTV,999,Brand New,0,False,
Swimming Goggle Replacement Bungee Straps,379,Brand New,0,False,
Safety Goggle Glasses Clear UV Protection Anti-Scratch Anti Fog Safety Glasses,499,Brand New,0,False,
"Safety Goggles over glasses, Safety Glasses with Clear, Fog-Free",898,Brand New,0,False,
"Safety Goggles over glasses, Safety Glasses with Clear, Fog-Free",849,Brand New,0,False,
Vintage Victorian Steampunk Goggles Retro Glasses Gothic Punk Cosplay Costume,799,Brand New,0,False,
For Welding Welder Glasses Mask Solar Auto Darkening Welding Helmet Eyes Goggle,1397,Brand New,0,False,
Bouton Traditional Smoke Frame Mesh Sideshield Safety Glasses/Goggles,1190,Brand New,0,False,
Ski Goggles Double Layers Magnetic Lens Anti-fog UV protection Ski Mask Glasses,949,Brand New,0,False,
"100% BARSTOW Classic Goggle White-Smoke Lens, NEW 5002-086-02",2495,Brand New,900,False,
Motorcycle Motocross Race Goggles Moto MTB ATV UTV MX Off Road Dirt Bike Eyewear,989,New (Other),0,False,16
Motorcycle Racing Goggles Motocross MX MTB ATV UTV Dirt Bike Off-road Eyewear,1188,Brand New,0,False,
Motorcycle Goggles Face Mask Dirt Bike Motocross Off Road MX ATV Eyewear Glasses,997,Brand New,0,False,
"100% BARSTOW  Goggle White-Smoke Lens, NEW 5002-086-02",3750,Brand New,1125,False,
Motorcycle Racing Goggles Motocross MX MTB ATV UTV Dirt Bike Off-road Eyewear,1799,Brand New,0,False,416
FLY RACING ZONE SNOW GOGGLE - BLACK/ORANGE W/RED MIRROR/AMBER LENS,5995,Brand New,0,False,
Exalt Paintball Carbon Universal Goggle Case - V3 Black/Lime NEW!,2995,Brand New,0,False,
"Wildhorn Cristo Ski Snow Goggles for Men, Women & Youth, Citrus / Emerald-",2000,New (Other),0,False,0
PYRAMEX HIGHLANDER PLUS SAFETY GLASSES CONSTRUCTION WORK SUNGLASSES (1 PAIR),995,Brand New,0,False,
"KLEENGUARD V90 PREMIUM FACE SHIELD W/ GOGGLE, BLUE FRAME, CLEAR LENS, ANTI FOG",1295,Brand New,0,False,
LED Light Up 7 Color Clear Lenses Visor Glasses Goggles Cyberpunk Rave Party US,1299,Brand New,0,False,
2 Pair Padded Motorcycle Goggles Anti Fog Lens Clear Mirror and Dark by BIRDZ,2499,Brand New,0,False,449
Motorcycle Racing Goggles Motocross MX ATV MTB UTV Dirt Bike Off-road Eyewear,1549,Brand New,0,False,
DEWALT DPG82-11C Concealer Clear Anti-Fog Dual Mold Safety Goggle,1290,Brand New,0,False,
2022 100% Strata 2 Mirror Lens MX Motocross Offroad Adult Goggles,3500,Brand New,0,False,72
KLIM | VIPER OFF-ROAD GOGGLE RAZOR,3720,Brand New,999,False,0
"Bulk Pack Of 21 Clear Anti Fog Safety Glasses, Goggles Individually Wrapped",550,Brand New,1260,False,
Motorcycle Motocross Goggles Cruiser Scooter Motorbike Racing Glasses Eyewear,859,Brand New,0,False,
100% Accuri 2 OTG UTV/ATV Goggle - Motocross Dirtbike Offroad ATV,6000,Brand New,0,False,
Scott USA Prospect Series Pro Stack Tear Offs For Goggles Laminated 2X7 Packs,2199,Brand New,0,False,
Motocross Dirt Bike Goggles ATV UTV Racing Off-Road Enduro Motorcycle Eyewear,1799,Brand New,0,False,
Scott Voltage  X OTG Canary Anti Fog Lens Goggles,2499,New (Other),640,False,
Scott Prospect 20 pack Works Standard Motocross Goggle Tear-Offs,950,Brand New,300,False,182
100% Strata 2 Goggles Fluo Yellow Clear Lens fr ATV UTV Offroad Motocross Riding,2500,Brand New,0,False,
New 2022 Fox Racing Adult Main Stray MX / Off-road / ATV Dirt Bike Goggles,2995,Brand New,0,False,108
FLY RACING 2022 ADULT ZONE GOGGLES MOTORCYCLE MX ATV,2899,Brand New,0,False,
Motorcycle Protective Goggles Ergonomic Glasses Riding Racing ATV Safety Eyewear,999,Brand New,0,False,
GOLIATH OTG [Over The Glasses] Motorcycle Biker Goggles| Clear+Tinted Lenses,3433,Brand New,1370,False,878
100% Armega Forecast Lens - Clear,3222,Brand New,0,False,
LEATT Goggle Velocity 4.5 Neon Orange Clear 83%,2500,Brand New,0,False,40
Motorcycle Goggles Ski Bike Windproof Glasses Iridescence Rainbow Foam Padded,795,Brand New,0,False,
100% PERCENT BRAND ARMEGA GOGGLE REPLACEMENT LENS CHOOSE COLOR MIRROR HIPER TECH,2500,Brand New,0,False,42
FACTORY EFFEX GOGGLE QUICK STRAP RE-MOUNTING KIT - RED/WHITE/BLUE/BLACK,1195,Brand New,0,False,171
Modular Motorcycle Goggles Face Mask Motocross ATV Off Road Race Skiing Eyewear,1599,Brand New,0,False,
LEATT Goggle Velocity 4.5 Royal Rose UC 32%,2500,Brand New,0,False,40
Pro Grip Vista Goggles Lens (Red Multilayer Mirror),1301,Brand New,0,False,
Leatt Velocity  Goggle Replacement Lens 28% Smoke Tint,1800,New (Other),0,False,
Leatt Velocity 4.5 Iriz MX Offroad Goggles,3849,Brand New,0,False,
Super Dark Motorcycle ATV Riding Goggles Googles Daytime Padded Biker Riding New,1298,Brand New,0,False,0
FXR Maverick Goggles Electric Heated Lens,6052,Brand New,0,False,
2 Motorcycle Riding Padded Goggles-Sun Glasses-DRIVING MIRROR & YELLOW Lenses,1998,Brand New,0,False,23
2021 FMF Powercore Mirror or Clear Lens Goggles For Motocross MX Dirt Bike Adult,2250,Brand New,0,False,
Flexible Anti-Fog Motorcycle Goggles-Fit Over RX Prescription Glasses Fitover,1798,Brand New,0,False,203
Fly Racing Focus Goggle - MX Motocross Dirt Bike Off-Road ATV UTV MTB Adult,2195,Brand New,0,False,
Fox Racing AIRSPACE II PRIX Goggle Adult MX Offroad ATV MTB Goggles,3917,Brand New,0,False,0
Revision Military Desert Locust Army Snow Ski Safety Eye Goggles Glasses ,2699,Brand New,0,False,
Motocross Goggles MX ATV Dirt Bike Off Road Riding Motorcycle Glasses Eyewear,499,Brand New,0,False,
WildHorn Outfitters Roca Extra/Replacement Frameless Snow Goggle Lens Junior,2000,New (Other),0,False,
Polarized Cycling Glasses UV400 Bike Goggles Sports Driving Fishing Sunglasses,1609,Brand New,0,False,16
Night Vision Goggles Night Vision Binoculars - Digital Infrared with Military,7999,Open Box,0,False,51
New ListingWinter Windproof Skiing Glasses Goggles Outdoor Sports Cycling Sunglasses UV400,699,New (Other),0,False,
FXR Clear Maverick E-Goggle Heated Dual Replacement Lens 2021,3999,Brand New,0,False,
VULCAN PADDED ANTIFOG MOTORCYCLE GOGGLES BLACK FRAMES CLEAR LENS by MOTOFRAMES,1225,Brand New,0,False,65
FXR Maverick Goggles Electric Heated Lens,6052,Brand New,0,False,
FXR Yellow Maverick E-Goggle Heated Dual Replacement Lens 2021,3999,Brand New,0,False,
Scott Hustle/Tyrant/Split/Primal Works Goggle Lens,1493,Brand New,0,False,
"Polaris 509® Kingpin Off Road Goggle, Blue | 2862562",4999,Brand New,0,False,0
Super Dark Motorcycle ATV Riding Goggles Googles Daytime Padded Biker Riding New,1298,Brand New,0,False,0
Motorcycle Helmet Full Face Mask Motocross Safety Goggles Shield Glasses Eyewear,1135,Brand New,0,False,
100% Armega Goggle Tear Offs Standard Laminated Tearoffs 20pk 50pk Motocross,1850,Brand New,0,False,7
"Traverse Varia Ski, Snowboard, and Snowmobile Goggles Clear Lens",983,New (Other),399,False,
LEATT Goggle Velocity 4.5 Forest Light Grey 58%,2500,Brand New,0,False,29
100% Racecraft 2 Goggles - Costume 2 w/ Clear Lens,6500,Brand New,0,False,0
FMF PowerCore Core MX Offroad Goggles,2112,Brand New,0,False,
Roko Goggle Quick Straps Release Helmet Motorcycle ATV Motocross Black NEW,1999,Brand New,0,False,34
Oakley O-Frame MX Slash Yellow w/24k Irid Goggles,3699,New (Other),765,False,
2022 100% Strata 2 Mirror Lens Youth/Kids MX Motocross Offroad Goggles,3500,Brand New,0,False,
Motocross Motorcycle ATV Goggles Dirt Bike Off Road Riding Glasses MX Eyewear,1799,Brand New,0,False,
Motocross Protective Goggles Mountain Biking - MX MTB Dirt Bike Sports Glasses,999,Brand New,0,False,
Pro Grip Replacement Goggle Lens (Clear Lens) Dual / Anti-Scratch,2169,Brand New,0,False,
Birdz Skylark Motorcycle Goggles Removable Face Mask Black Frames Clear Lens,2495,Brand New,0,False,53
Birdz Condor Black Sport Padded Motorcycle Riding Goggle with Smoke Lens,1995,Brand New,0,False,
Fox Racing Airspace/Main VLS Goggle Replacement Lens,1446,Brand New,0,False,
EKS BRAND GOGGLES GOX FLAT OUT SERIES MATT RED NOS,3025,Brand New,0,False,
Scott Fury 90's LE Goggle - Motocross Dirtbike Offroad ATV,6395,Brand New,0,False,
"Electric Gel Ball Blaster MP5 Gun w/Safety Goggles, Laser Sight, Battery & Cable",1999,Brand New,0,False,8
Honeywell Uvex Stealth Goggle - Clear/Gray (S3960HS),990,Brand New,0,False,
Retro Motorcycle Goggles Glasses Vintage Moto Classic For Harley Pilot Steampunk,1399,Brand New,0,False,0
Motorcycle Goggles ATV Dirt Bike Off-Road Motocross Ski V Goggles - BLACK new,1975,Brand New,0,False,0
Retro Vintage Goggles Aviator Pilot Motorcycle Cruiser Scooter Biker Glasses US,755,Brand New,0,False,
Fox Racing Goggle MAIN SKEW SPARK Race Goggles  MX ATV DIRTBIKE UTV 28062-595-OS,2799,Brand New,0,False,
Full Face Goggles Removable Motocross ATV Anti Dust Wind UV Goggle Racing,1762,Brand New,0,False,
2022 Thor Combat Racer Youth/Kids MX Motocross Offroad ATV Goggles - Pick Color,2295,Brand New,0,False,
New FMF Racing PowerCore Sand Core Goggles,1950,Brand New,0,False,
OAKLEY O-FRAME® 2.0 MX GOGGLES MOSH PIT RED OO7068-17***NEW IN BOX***,4595,Brand New,0,False,
Gafas de Motocross Gafas Protectoras Motocicleta Deportes Ciclismo ATV UTV BMX,1799,Brand New,0,False,
US Motorcycle Goggles Dirt Bike ATV Anti-UV Adjustable Riding Offroad Protective,1949,Brand New,0,False,
Aviator Pilot Cruiser Goggles Eyewear Motorcycle Bicycle Scooter UV For Helmet,599,Brand New,0,False,32
100% GOGGLES RACECRAFT 2 CLEAR AND MIRROR LENS MX MOTOCROSS ATV/UTV,6500,Brand New,0,False,0
Motorcycle Goggles Fit Over Glasses Anti-Fog Shatterproof Lenses Clear Smoke Yel,2290,Brand New,0,False,247
FOX RACING MAIN STRAY MIRRORED GOGGLE - BLACK,4495,Brand New,0,False,
New Listingoakley o frame mx goggles,3000,New (Other),500,False,
100% Armega Replacement Goggle Lens - Motocross Dirtbike Offroad ATV,2500,Brand New,0,False,
BLACK DIRT BIKE ATV MOTORCYCLE GOGGLE MOTOCROSS M GOGGLE-BLACK,1295,New (Other),0,False,
Roko Sports Quick Strap Goggle Snowmobile Off Road Motocross All Colors,2195,Brand New,0,False,
2022 100% Strata 2 Mirror Lens MX Motocross Offroad Adult Goggles,3500,Brand New,0,False,72
Leather Steampunk Antique Copper Motorcycle Flying Goggles Vintage Pilot Biker ,1899,Brand New,0,False,
New Listing1x Motocross Motorcycle ATV Goggles Dirt Bike Off Road Riding Glasses Eyewear,735,New (Other),0,False,
Global Vision Ballistech Goggles Fit Over Glasses Shatterproof Anti Fog Smoke,2099,Brand New,0,False,
FXR Pilot Adult Goggle Dual Pane Snow Lens Solar,2134,New (Other),372,False,
Motorcycle Goggles Bendable Dirt Bike Motocross ATV Riding Glasses Clear Lens,1990,Brand New,0,False,1323
Oumurs Motorcycle Original Quality Racing Goggles,999,Brand New,0,False,
New ListingOakley Youth 02 Goggles Ski Snow Snowboarding Skidoo Matte White Persimmon Lens ,2995,Pre-Owned,0,False,
100% Armega Goggles War Red - HiPER Silver Mirror,7200,Brand New,0,False,
100% Armega Goggle MX Motocross Offroad Replacement Lens,2500,Brand New,0,False,0
Dragon X1S Goggle Replacement Snow Dual Lens,1500,Brand New,0,False,
New ListingNEW Fox 2022 Main Stray Goggle Smoke Blk/Mirrored,3495,Brand New,0,False,
Leatt Velocity 6.5 MX Offroad Goggles,6299,Brand New,0,False,
New 3M Road Burners ANSI Z87+ Safety Goggles / Sunglasses Glasses RoadBurners,1000,New – Open box,0,False,
509 Sinister X7 Ignite S1 Snowmobile Goggle - Black Sapphire (Light Blue Tint),25995,Brand New,0,False,
Retro Vintage Motorcycle Bike Bicycle Goggles Scooter ATV Off Road Eyewear,598,Brand New,0,False,0
100% Accuri 2 OTG Goggles Black Over Glasses - ATV UTV Offroad Motocross Riding,6000,Brand New,0,False,
DMD Helmet Ghost Goggles,5158,Pre-Owned,1719,False,
FOX RACING BLACK/GRAY AIRSPACE CIFER GOGGLES 28372-001-OS,4499,Brand New,0,False,
Bobster Piston Motorcycle Goggles,1811,Brand New,0,False,0
"New ListingEKS Goggles,dust,wind protection,atv,ski,motocross, tear off, motosport goggles",2000,Brand New,0,False,
Skull Mask Motorcycle Goggles Riding Full Face Mask Motorbike Protective Glasses,1899,Brand New,0,False,
Scott Primal Snow Goggles,4258,Brand New,0,False,
New ListingMotorcycle Motocross Race Goggles Clear Lens Offroad MX ATV UTV Glasses Eyewear,1221,Brand New,0,False,
Scott Hustle MX LS Goggle Black Frame w/ Light Sensitive Lens Photochromic Lens,4495,Brand New,0,False,21
509 Aviator 2.0 Ignite S1 Replacement Lens Dual Pane Snocross Goggles,7995,Brand New,0,False,
Birdz Condor black Motorcycle Glasses Sunglasses smoke Lens Padded Safety goggle,1218,Brand New,622,False,
Birdz Condor black Motorcycle Glasses Sunglasses smoke Lens Padded Safety goggle,1218,Brand New,622,False,
509 Aviator 2.0 Ignite S1 Replacement Lens Dual Pane Snocross Goggles,7995,Brand New,0,False,
Motorcycle Goggles Windproof ATV Dirt Bike Motocross Racing Glasses Eyewear,1799,Brand New,0,False,
Thor Activate Goggles Black/Red - Adult Size - ATV UTV Offroad Motocross Riding,6995,Brand New,0,False,
Scott Hustle MX LS Goggle Black Frame w/ Light Sensitive Lens Photochromic Lens,4495,Brand New,0,False,21
Bobster Piston Motorcycle Goggles,1811,Brand New,0,False,0
2 Pairs Eliminator Padded Riding Goggles Black Frame 1 Red & 1 Blue Mirror Lens,3699,Brand New,0,False,
FXR Maverick Goggle Single Replacement Lens 2020,1899,Brand New,0,False,
BARUFFALDI SPEED 4 GOGGLES IN BLACK WITH 4 LENSES (708211) **BRAND NEW**,8499,Brand New,0,False,
Motorcycle Goggles Skull Face Mask Windproof Motocross ATV Eyewear Glasses Black,1398,Brand New,0,False,
"Fly Racing Zone Snow Goggle (Adult, Grey with Silver Mirror Smoke Lens)",5595,New (Other),0,False,
Motorcycle Motocross Race Goggles Offroad MX ATV UTV Full Face Glasses Eyewear,932,Brand New,0,False,
Roko Goggle Quick Straps ReMount Mounting Kit Helmet Motorcycle Black NEW Repair,949,Brand New,0,False,713
Motorcycle Goggles Windproof Dust Proof Racer Glasses Dirt Bike Off-Road Eyewear,1899,Brand New,0,False,
KLIM Oculus Snow Goggle,17999,Brand New,0,False,
Klim Edge Off-Road Motorcycle Goggle,13999,Brand New,0,False,
100% Armega Goggles - MXoN - HiPER Red/Blue Mirror,12000,Brand New,0,False,
FXR Combat 21 Goggle Replacement Dual Lens,2503,Brand New,0,False,
Beer Optics Beer Optics Goggles (White w/ Blue Lens),3617,Brand New,0,False,
FOX RACING MAIN STRAY MIRRORED GOGGLE - BLACK/SMOKE,3495,Brand New,0,False,
New ListingMotorcycle Goggles For Over Glasses Anti-Fog Shatterproof Clear Lenses UV400 US,1099,Brand New,0,False,
Flow Vision Rythem™ Motocross Goggle: Crimson/Teal,5000,Brand New,0,False,0
"DeWalt DPG82-11 Concealer Clear Anti-Fog Over Glasses Safety Goggles, 2 PAIR",2355,Brand New,0,False,
Motorcycle Face Mask Goggles Detachable Motocross Dirt Bike ATV Off Road Eyewear,1599,Brand New,0,False,
Fly Racing Focus Snow Goggles Dual Pane Lens Snowmobile Snocross Nose Guard,4495,Brand New,0,False,0
Leatt Velocity Goggle Replacement Lens Light Gray 58%,1800,New (Other),0,False,
Biltwell Lightning Bolt Mens Black Out Moto 2.0 Plastic Frame Motocross Goggles,3995,Brand New,0,False,
FMF VISION POWERCORE GOGGLE CORE BLACK CLEAR LENS - F-50050-00003 -  MX OFF ROAD,2250,Brand New,499,False,
100% Accuri Adult Goggles - MX Off-Road Dirt Bike Riding,3000,Brand New,0,False,0
Adult Goggles Dirt Bike ATV Motocross Anti-UV Adjustable Riding Offroad Eyewear,1975,Brand New,0,False,
KLIM Oculus Snowmobile/Skiing Goggle Dissent Electric Blue Lemonade...,15199,Brand New,0,False,
New ListingRacing Motocross Motorcycle Dirt Bike ATV MX MTB Off-Road Goggles Glasse Eyewear,1999,Brand New,0,False,
Motocross Goggles Off-Road Dirt Bike MX ATV UTV Ski Snowboarding Holiday Gift,1500,Brand New,500,False,38
100% Accuri 2 Goggles Odeon with Clear Lens ATV UTV Offroad Motocross Riding,4500,Brand New,0,False,
Nomad Goggle Black Frame-Smoke Rider Biker Lens Daniel Smart Motorcycle Goggles,1495,Brand New,800,False,0
BLACK DIRT BIKE ATV MOTORCYCLE GOGGLE MOTOCROSS GOGGLES V GOGGLE-BLACK,1195,New (Other),0,False,
New ListingFly Racing - F21 Snow Black Nose Guard Off-Road Motorcycle Goggle Accessories,1295,Brand New,300,False,
100% Armega Goggles Motocross MX Off-Road ATV UTV MTB Adult Size Mirrored Lens,9000,Brand New,0,False,
Racing Motocross Goggle MX ATV MTB UTV Offroad Bike Motorcycle Dirt Race Eyewear,1975,Brand New,0,False,
Blue Motorcycle Goggles Dirt Bike Goggle Motocross Goggles UV Windproof Glasses,1975,Brand New,0,False,
New ListingMotorcycle Motocross Race Sport Goggles Offroad MX ATV UTV UV400 Glasses Eyewear,1221,Brand New,0,False,
Moto 2.0 Goggle - Bolts Black,3995,Brand New,1100,False,
"WW2 Classic Goggles, Mark49 Aviation Eyewear suitable for Motorcycles - Halcyon",8018,Brand New,1484,False,0
2022 Thor Combat Racer Motocross Offroad ATV Riding Goggles - Pick Color,2495,Brand New,0,False,
Birdz Condor Black Sport Padded Motorcycle Riding Goggle with Clear Lens,1995,Brand New,0,False,
New ListingFox Racing (Adult) Main-2 STRAY MX Motocross Goggles (Blue w/Clear Lens),2608,Brand New,1255,False,
100% Armega Goggle Lens - True Gold,3756,Brand New,0,False,
Classic Pilot Aviator Style Split Lens Motorcycle Goggles Black Vinyl,2430,Brand New,0,False,
Motorcycle Motocross Racing Goggles ATV MX Dirt Bike Off Road Eyewear Glasses,899,New (Other),0,False,16
100% RACECRAFT 2 GOGGLES - ARBIS - SILVER MIRROR LENS,7500,Brand New,0,False,0
100% Racecraft/Accuri/Strata Goggle Replacement Lens,1346,Brand New,0,False,
Scott Prospect Iridescent LE Goggle - Motocross Dirtbike Offroad ATV,9795,Brand New,0,False,
Oakley Carbon Fiber Goggles Clear Lens w/ Bag,1999,Pre-Owned,640,False,
100% STRATA 2 GOGGLES - EVEREST - CLEAR LENS,2895,Brand New,0,False,
New ListingFly Racing - Accessories Adult W/O Vents Replacement Dual Goggle Lens - Smoke,1495,Brand New,300,False,
Polaris 509® Kingpin Off Road Goggle,5395,Brand New,0,False,
100% Strata 2 Goggle - Motocross Dirtbike Offroad ATV,2500,Brand New,0,False,
FMF PowerBomb | PowerCore Goggle Tear-Offs PowerBomb | PowerCore 50 pk 53-4275,2943,Brand New,0,False,
100% Adult Injected Replacement Accuri Racecraft Strata Goggle Lens - Motocross,2750,Brand New,0,False,
2022 Fox Racing Main Skew Mirrored Goggle - Motocross Dirtbike Offroad ATV,3995,Brand New,0,False,
FMF PowerBomb/PowerCore Goggle Tear-Offs 20pk Clear,1521,Brand New,0,False,
100% Racecraft 2 Goggles - Fremont w/ Clear Lens,3900,Brand New,0,False,
Global Vision Big Ben Motorcycle Goggles Black Frame Clear Lens,1499,Brand New,0,False,141
Motorcycle ATV DIRT BIKE OFF ROAD RACING SKI GOGGLES Glasses M526RED,699,New (Other),0,False,
100% Accuri 2 Goggles Silo Clear Lens Offroad ATV MX Dirt Bike,4500,Brand New,0,False,
"100% Racecraft 2 Goggle, Black Frame with Silver Mirror Lens",7500,Brand New,0,False,
Eliminator Motorcycle Goggles Smoke Shatterproof Anti-Fog Lens by Global Vision,1453,Brand New,0,False,
Motorcycle Windproof Dustproof Riding Glasses Padded Goggles Yellow,693,Brand New,0,False,19
MOTOFRAMES PAYBACK PADDED MOTORCYCLE SUNGLASSES SUPER DARK SMOKE LENS,1275,Brand New,0,False,56
Lot of 9 Motorcycle Riding Goggles With Cases USED SEE PHOTOS ,499,Pre-Owned,2220,False,
Goggles Skull Face Mask Modular Motorcycle Glasses Eyewear Motocross ATV Offroad,1234,Brand New,0,False,
YELLOW BIKE ATV DIRT BIKE MOTORCYCLE GOGGLE MOTOCROSS GOGGLES I GOGGLE-YELLOW,1295,Brand New,0,False,
FLY RACING ZONE GOGGLE - GREY/BLACK - W/SILVER MIRROR/SMOKE LENS,3995,Brand New,0,False,
CLEARANCE Fox 2022 Vue Riet Goggle Flo Ylw,7999,Brand New,0,False,0
Durable Goggle Dirt Bike ATV Motocross Anti-UV Adjustable Riding Offroad Protect,2469,Brand New,0,False,
